url,category

https://www.aliexpress.com/item/1005009266143618.html,Gaming PCs & Laptops
https://www.aliexpress.com/item/1005006895624352.html,Gaming PCs & Laptops

https://www.aliexpress.com/item/1005007093085200.html,Controllers
https://www.aliexpress.com/item/1005007144726230.html,Controllers

https://www.aliexpress.com/item/1005007171179962.html,Consoles
https://www.aliexpress.com/item/1005008262594720.html,Consoles
https://www.aliexpress.com/item/1005008569184997.html,Consoles
https://www.aliexpress.com/item/1005007171179962.html,Consoles
https://www.aliexpress.com/item/1005009609684843.html,consoles

https://www.aliexpress.com/item/1005006415708343.html,Graphics Cards & Components
https://www.aliexpress.com/item/1005005826531173.html,Graphics Cards & Components
https://www.aliexpress.com/item/1005008726568766.html,Graphics Cards & Components
https://www.aliexpress.com/item/1005006909818495.html,Graphics Cards & Components

https://www.aliexpress.com/item/1005008549911526.html,Headsets & Microphones
https://www.aliexpress.com/item/1005007474018766.html,Headsets & Microphones
https://www.aliexpress.com/item/1005008253095559.html,Headsets & Microphones
https://www.aliexpress.com/item/1005007474018766.html,Headsets & Microphones
https://www.aliexpress.com/item/1005006960054409.html,Headsets & Microphones

https://www.aliexpress.com/item/1005007371549814.html,Keyboards & Mice
https://www.aliexpress.com/item/1005007371549814.html,Keyboards & Mice
https://www.aliexpress.com/item/1005005800775381.html,Keyboards & Mice
https://www.aliexpress.com/item/1005007096176312.html,Keyboards & Mice
https://www.aliexpress.com/item/1005007096176312.html,Keyboards & Mice
https://www.aliexpress.com/item/1005005993287646.html,keyboards-mice
https://www.aliexpress.com/item/1005006422704079.html,keyboards-mice
https://www.aliexpress.com/item/1005009859848818.html,keyboards-mice
https://www.aliexpress.com/item/1005007994568040.html,keyboards-mice
https://www.aliexpress.com/item/1005008498343516.html,keyboards-mice
https://www.aliexpress.com/item/1005006777564341.html,keyboards-mice
https://www.aliexpress.com/item/1005009252813505.html,Keyboards & Mice
https://www.aliexpress.com/item/1005008889479999.html,Keyboards & Mice

https://www.aliexpress.com/item/1005006908992563.html,Gaming Chairs & Desks
https://www.aliexpress.com/item/1005007476825876.html,Gaming Chairs & Desks
https://www.aliexpress.com/item/1005007476825876.html,Gaming Chairs & Desks
https://www.aliexpress.com/item/1005007812086627.html,Gaming Chairs & Desks
https://www.aliexpress.com/item/1005008158926721.html,Gaming Chairs & Desks
https://www.aliexpress.com/item/1005009894982868.html,gaming-chairs-desks

https://www.aliexpress.com/item/1005010209801580.html,Apparel & Hoodies
https://www.aliexpress.com/item/1005010217146996.html,Apparel & Hoodies
https://www.aliexpress.com/item/1005008022733046.html,Apparel & Hoodies
https://www.aliexpress.com/item/1005009953617007.html,Apparel & Hoodies
https://www.aliexpress.com/item/1005007748978236.html,Apparel & Hoodies

https://www.aliexpress.com/item/1005007046665208.html,Action Figures & Statues
https://www.aliexpress.com/item/1005009175221736.html,Action Figures & Statues
https://www.aliexpress.com/item/1005005676364957.html,Action Figures & Statues
https://www.aliexpress.com/item/1005005122835911.html,Action Figures & Statues
https://www.aliexpress.com/item/1005008785314126.html,Action Figures & Statues

https://www.aliexpress.com/item/1005007099871253.html,Microphones
https://www.aliexpress.com/item/1005008798549252.html,Microphones
https://www.aliexpress.com/item/1005006960054409.html,Microphones
https://www.aliexpress.com/item/1005007426171637.html,Microphones

https://www.aliexpress.com/item/1005007728676367.html,Webcams & Cameras
https://www.aliexpress.com/item/1005008945387202.html,Webcams & Cameras
https://www.aliexpress.com/item/1005008188315082.html,Webcams & Cameras
https://www.aliexpress.com/item/1005008256694770.html,Webcams & Cameras

https://www.aliexpress.com/item/1005007393927221.html,Processors (CPUs)
https://www.aliexpress.com/item/1005008632475317.html,Processors (CPUs)
https://www.aliexpress.com/item/1005006087823796.html,Processors (CPUs)
https://www.aliexpress.com/item/1005005989522290.html,Processors (CPUs)

https://www.aliexpress.com/item/1005008743947248.html,Memory (RAM)
https://www.aliexpress.com/item/1005007618585927.html,Memory (RAM)
https://www.aliexpress.com/item/1005005199360222.html,Memory (RAM)
https://www.aliexpress.com/item/1005007218102657.html,Memory (RAM)

https://www.aliexpress.com/item/32595324956.html,Storage (SSDs & HDDs)
https://www.aliexpress.com/item/1005005691551583.html,Storage (SSDs & HDDs)
https://www.aliexpress.com/item/1005005981768428.html,Storage (SSDs & HDDs)
https://www.aliexpress.com/item/1005006682390118.html,Storage (SSDs & HDDs)